{
  "hash": "546c382a",
  "configHash": "7ecad7a9",
  "lockfileHash": "02edffc4",
  "browserHash": "874ec71a",
  "optimized": {
    "@angular/core": {
      "src": "../../../../../node_modules/@angular/core/fesm2022/core.mjs",
      "file": "@angular_core.js",
      "fileHash": "879d6ef9",
      "needsInterop": false
    },
    "@angular/platform-browser": {
      "src": "../../../../../node_modules/@angular/platform-browser/fesm2022/platform-browser.mjs",
      "file": "@angular_platform-browser.js",
      "fileHash": "5488fed8",
      "needsInterop": false
    },
    "@angular/router": {
      "src": "../../../../../node_modules/@angular/router/fesm2022/router.mjs",
      "file": "@angular_router.js",
      "fileHash": "f75f33a5",
      "needsInterop": false
    }
  },
  "chunks": {
    "chunk-CRIPZOYN": {
      "file": "chunk-CRIPZOYN.js"
    },
    "chunk-WZJTMI35": {
      "file": "chunk-WZJTMI35.js"
    }
  }
}